{"cameraMode":{"drawMode":0,"name":"Shaded","section":"Shading Mode"},"sceneLighting":true,"audioPlay":false,"sceneViewState":{"m_AlwaysRefresh":false,"showFog":true,"showSkybox":true,"showFlares":true,"showImageEffects":true,"showParticleSystems":true,"showVisualEffectGraphs":true,"m_FxEnabled":true},"in2DMode":false,"pivot":{"x":-33.18046951293945,"y":-48.673301696777347,"z":-117.47706604003906},"rotation":{"x":0.003337896429002285,"y":0.9624035954475403,"z":-0.2713431417942047,"w":0.011838582344353199},"size":96.69286346435547,"orthographic":false}